p1,p2
fd_240_1.jpg,fd_240_2.jpg
fd_024_1.jpg,fd_024_2.jpg
fd_220_1.jpg,fd_220_2.jpg
fd_092_1.jpg,fd_092_2.jpg
fd_155_1.jpg,fd_155_2.jpg
fd_124_1.jpg,fd_124_2.jpg
fd_031_1.jpg,fd_031_2.jpg
fd_162_1.jpg,fd_162_2.jpg
fd_163_1.jpg,fd_163_2.jpg
fd_008_1.jpg,fd_008_2.jpg
fd_042_1.jpg,fd_042_2.jpg
fd_153_1.jpg,fd_153_2.jpg
fd_159_1.jpg,fd_159_2.jpg
fd_208_1.jpg,fd_208_2.jpg
fd_152_1.jpg,fd_152_2.jpg
fd_242_1.jpg,fd_242_2.jpg
fd_193_1.jpg,fd_193_2.jpg
fd_120_1.jpg,fd_120_2.jpg
fd_166_1.jpg,fd_166_2.jpg
fd_021_1.jpg,fd_021_2.jpg
fd_118_1.jpg,fd_118_2.jpg
fd_099_1.jpg,fd_099_2.jpg
fd_194_1.jpg,fd_194_2.jpg
fd_171_1.jpg,fd_171_2.jpg
fd_158_1.jpg,fd_158_2.jpg
fd_207_1.jpg,fd_207_2.jpg
fd_181_1.jpg,fd_181_2.jpg
fd_145_1.jpg,fd_145_2.jpg
fd_091_1.jpg,fd_091_2.jpg
fd_221_1.jpg,fd_221_2.jpg
fd_025_1.jpg,fd_025_2.jpg
fd_055_1.jpg,fd_055_2.jpg
fd_175_1.jpg,fd_175_2.jpg
fd_229_1.jpg,fd_229_2.jpg
fd_213_1.jpg,fd_213_2.jpg
fd_228_1.jpg,fd_228_2.jpg
fd_199_1.jpg,fd_199_2.jpg
fd_085_1.jpg,fd_085_2.jpg
fd_198_1.jpg,fd_198_2.jpg
fd_015_1.jpg,fd_015_2.jpg
fd_050_1.jpg,fd_050_2.jpg
fd_164_1.jpg,fd_164_2.jpg
fd_196_1.jpg,fd_196_2.jpg
fd_230_1.jpg,fd_230_2.jpg
fd_051_1.jpg,fd_051_2.jpg
fd_027_1.jpg,fd_027_2.jpg
fd_248_1.jpg,fd_248_2.jpg
fd_030_1.jpg,fd_030_2.jpg
fd_094_1.jpg,fd_094_2.jpg
fd_039_1.jpg,fd_039_2.jpg
fd_026_1.jpg,fd_026_2.jpg
fd_146_1.jpg,fd_146_2.jpg
fd_111_1.jpg,fd_111_2.jpg
fd_142_1.jpg,fd_142_2.jpg
fd_131_1.jpg,fd_131_2.jpg
fd_106_1.jpg,fd_106_2.jpg
fd_002_1.jpg,fd_002_2.jpg
fd_191_1.jpg,fd_191_2.jpg
fd_188_1.jpg,fd_188_2.jpg
fd_215_1.jpg,fd_215_2.jpg
fd_192_1.jpg,fd_192_2.jpg
fd_088_1.jpg,fd_088_2.jpg
fd_186_1.jpg,fd_186_2.jpg
fd_212_1.jpg,fd_212_2.jpg
fd_138_1.jpg,fd_138_2.jpg
fd_087_1.jpg,fd_087_2.jpg
fd_029_1.jpg,fd_029_2.jpg
fd_185_1.jpg,fd_185_2.jpg
fd_097_1.jpg,fd_097_2.jpg
fd_068_1.jpg,fd_068_2.jpg
fd_241_1.jpg,fd_241_2.jpg
fd_095_1.jpg,fd_095_2.jpg
fd_053_1.jpg,fd_053_2.jpg
fd_049_1.jpg,fd_049_2.jpg
fd_122_1.jpg,fd_122_2.jpg
fd_072_1.jpg,fd_072_2.jpg
fd_154_1.jpg,fd_154_2.jpg
fd_203_1.jpg,fd_203_2.jpg
fd_133_1.jpg,fd_133_2.jpg
fd_104_1.jpg,fd_104_2.jpg
fd_202_1.jpg,fd_202_2.jpg
fd_069_1.jpg,fd_069_2.jpg
fd_067_1.jpg,fd_067_2.jpg
fd_227_1.jpg,fd_227_2.jpg
fd_022_1.jpg,fd_022_2.jpg
fd_174_1.jpg,fd_174_2.jpg
fd_204_1.jpg,fd_204_2.jpg
fd_167_1.jpg,fd_167_2.jpg
fd_075_1.jpg,fd_075_2.jpg
fd_149_1.jpg,fd_149_2.jpg
fd_057_1.jpg,fd_057_2.jpg
fd_044_1.jpg,fd_044_2.jpg
fd_112_1.jpg,fd_112_2.jpg
fd_156_1.jpg,fd_156_2.jpg
fd_205_1.jpg,fd_205_2.jpg
fd_247_1.jpg,fd_247_2.jpg
fd_016_1.jpg,fd_016_2.jpg
fd_019_1.jpg,fd_019_2.jpg
fd_136_1.jpg,fd_136_2.jpg
fd_238_1.jpg,fd_238_2.jpg
fd_121_1.jpg,fd_121_2.jpg
fd_036_1.jpg,fd_036_2.jpg
fd_231_1.jpg,fd_231_2.jpg
fd_102_1.jpg,fd_102_2.jpg
fd_048_1.jpg,fd_048_2.jpg
fd_223_1.jpg,fd_223_2.jpg
fd_105_1.jpg,fd_105_2.jpg
fd_129_1.jpg,fd_129_2.jpg
fd_201_1.jpg,fd_201_2.jpg
fd_139_1.jpg,fd_139_2.jpg
fd_173_1.jpg,fd_173_2.jpg
fd_010_1.jpg,fd_010_2.jpg
fd_078_1.jpg,fd_078_2.jpg
fd_033_1.jpg,fd_033_2.jpg
fd_237_1.jpg,fd_237_2.jpg
fd_182_1.jpg,fd_182_2.jpg
fd_151_1.jpg,fd_151_2.jpg
fd_172_1.jpg,fd_172_2.jpg
fd_007_1.jpg,fd_007_2.jpg
fd_236_1.jpg,fd_236_2.jpg
fd_209_1.jpg,fd_209_2.jpg
fd_235_1.jpg,fd_235_2.jpg
fd_115_1.jpg,fd_115_2.jpg
fd_035_1.jpg,fd_035_2.jpg
fd_098_1.jpg,fd_098_2.jpg
fd_179_1.jpg,fd_179_2.jpg
fd_004_1.jpg,fd_004_2.jpg
fd_233_1.jpg,fd_233_2.jpg
fd_061_1.jpg,fd_061_2.jpg
fd_130_1.jpg,fd_130_2.jpg
fd_046_1.jpg,fd_046_2.jpg
fd_103_1.jpg,fd_103_2.jpg
fd_083_1.jpg,fd_083_2.jpg
fd_038_1.jpg,fd_038_2.jpg
fd_109_1.jpg,fd_109_2.jpg
fd_070_1.jpg,fd_070_2.jpg
fd_054_1.jpg,fd_054_2.jpg
fd_077_1.jpg,fd_077_2.jpg
fd_246_1.jpg,fd_246_2.jpg
fd_180_1.jpg,fd_180_2.jpg
fd_116_1.jpg,fd_116_2.jpg
fd_074_1.jpg,fd_074_2.jpg
fd_150_1.jpg,fd_150_2.jpg
fd_107_1.jpg,fd_107_2.jpg
fd_101_1.jpg,fd_101_2.jpg
fd_165_1.jpg,fd_165_2.jpg
fd_206_1.jpg,fd_206_2.jpg
fd_060_1.jpg,fd_060_2.jpg
fd_119_1.jpg,fd_119_2.jpg
fd_028_1.jpg,fd_028_2.jpg
fd_003_1.jpg,fd_003_2.jpg
fd_147_1.jpg,fd_147_2.jpg
fd_161_1.jpg,fd_161_2.jpg
fd_160_1.jpg,fd_160_2.jpg
fd_011_1.jpg,fd_011_2.jpg
fd_080_1.jpg,fd_080_2.jpg
fd_249_1.jpg,fd_249_2.jpg
fd_144_1.jpg,fd_144_2.jpg
fd_148_1.jpg,fd_148_2.jpg
fd_168_1.jpg,fd_168_2.jpg
fd_110_1.jpg,fd_110_2.jpg
fd_195_1.jpg,fd_195_2.jpg
fd_132_1.jpg,fd_132_2.jpg
fd_064_1.jpg,fd_064_2.jpg
fd_216_1.jpg,fd_216_2.jpg
fd_244_1.jpg,fd_244_2.jpg
fd_066_1.jpg,fd_066_2.jpg
fd_096_1.jpg,fd_096_2.jpg
fd_218_1.jpg,fd_218_2.jpg
fd_040_1.jpg,fd_040_2.jpg
fd_176_1.jpg,fd_176_2.jpg
fd_114_1.jpg,fd_114_2.jpg
fd_043_1.jpg,fd_043_2.jpg
fd_052_1.jpg,fd_052_2.jpg
fd_157_1.jpg,fd_157_2.jpg
fd_141_1.jpg,fd_141_2.jpg
fd_226_1.jpg,fd_226_2.jpg
fd_170_1.jpg,fd_170_2.jpg
fd_243_1.jpg,fd_243_2.jpg
fd_079_1.jpg,fd_079_2.jpg
fd_056_1.jpg,fd_056_2.jpg
fd_177_1.jpg,fd_177_2.jpg
fd_076_1.jpg,fd_076_2.jpg
fd_047_1.jpg,fd_047_2.jpg
fd_183_1.jpg,fd_183_2.jpg
fd_169_1.jpg,fd_169_2.jpg
fd_135_1.jpg,fd_135_2.jpg
fd_071_1.jpg,fd_071_2.jpg
fd_178_1.jpg,fd_178_2.jpg
fd_250_1.jpg,fd_250_2.jpg
fd_225_1.jpg,fd_225_2.jpg
fd_090_1.jpg,fd_090_2.jpg
fd_014_1.jpg,fd_014_2.jpg
fd_137_1.jpg,fd_137_2.jpg
fd_032_1.jpg,fd_032_2.jpg
fd_108_1.jpg,fd_108_2.jpg
fd_006_1.jpg,fd_006_2.jpg
fd_125_1.jpg,fd_125_2.jpg
fd_113_1.jpg,fd_113_2.jpg
fd_128_1.jpg,fd_128_2.jpg
fd_012_1.jpg,fd_012_2.jpg
fd_117_1.jpg,fd_117_2.jpg
fd_081_1.jpg,fd_081_2.jpg
fd_189_1.jpg,fd_189_2.jpg
fd_023_1.jpg,fd_023_2.jpg
fd_234_1.jpg,fd_234_2.jpg
fd_065_1.jpg,fd_065_2.jpg
fd_222_1.jpg,fd_222_2.jpg
fd_009_1.jpg,fd_009_2.jpg
fd_063_1.jpg,fd_063_2.jpg
fd_045_1.jpg,fd_045_2.jpg
fd_041_1.jpg,fd_041_2.jpg
fd_073_1.jpg,fd_073_2.jpg
fd_143_1.jpg,fd_143_2.jpg
fd_197_1.jpg,fd_197_2.jpg
fd_037_1.jpg,fd_037_2.jpg
fd_059_1.jpg,fd_059_2.jpg
fd_232_1.jpg,fd_232_2.jpg
fd_058_1.jpg,fd_058_2.jpg
fd_187_1.jpg,fd_187_2.jpg
fd_210_1.jpg,fd_210_2.jpg
fd_219_1.jpg,fd_219_2.jpg
fd_214_1.jpg,fd_214_2.jpg
fd_123_1.jpg,fd_123_2.jpg
fd_089_1.jpg,fd_089_2.jpg
fd_084_1.jpg,fd_084_2.jpg
fd_224_1.jpg,fd_224_2.jpg
fd_005_1.jpg,fd_005_2.jpg
fd_184_1.jpg,fd_184_2.jpg
fd_020_1.jpg,fd_020_2.jpg
fd_093_1.jpg,fd_093_2.jpg
fd_062_1.jpg,fd_062_2.jpg
fd_239_1.jpg,fd_239_2.jpg
fd_190_1.jpg,fd_190_2.jpg
fd_018_1.jpg,fd_018_2.jpg
fd_013_1.jpg,fd_013_2.jpg
fd_034_1.jpg,fd_034_2.jpg
fd_140_1.jpg,fd_140_2.jpg
fd_211_1.jpg,fd_211_2.jpg
fd_017_1.jpg,fd_017_2.jpg
fd_001_1.jpg,fd_001_2.jpg
fd_082_1.jpg,fd_082_2.jpg
fd_134_1.jpg,fd_134_2.jpg
fd_217_1.jpg,fd_217_2.jpg
fd_126_1.jpg,fd_126_2.jpg
fd_086_1.jpg,fd_086_2.jpg
fd_245_1.jpg,fd_245_2.jpg
fd_100_1.jpg,fd_100_2.jpg
fd_127_1.jpg,fd_127_2.jpg
fd_200_1.jpg,fd_200_2.jpg
fs_240_1.jpg,fs_240_2.jpg
fs_024_1.jpg,fs_024_2.jpg
fs_220_1.jpg,fs_220_2.jpg
fs_092_1.jpg,fs_092_2.jpg
fs_155_1.jpg,fs_155_2.jpg
fs_124_1.jpg,fs_124_2.jpg
fs_031_1.jpg,fs_031_2.jpg
fs_162_1.jpg,fs_162_2.jpg
fs_163_1.jpg,fs_163_2.jpg
fs_008_1.jpg,fs_008_2.jpg
fs_042_1.jpg,fs_042_2.jpg
fs_153_1.jpg,fs_153_2.jpg
fs_159_1.jpg,fs_159_2.jpg
fs_208_1.jpg,fs_208_2.jpg
fs_152_1.jpg,fs_152_2.jpg
fs_242_1.jpg,fs_242_2.jpg
fs_193_1.jpg,fs_193_2.jpg
fs_120_1.jpg,fs_120_2.jpg
fs_166_1.jpg,fs_166_2.jpg
fs_021_1.jpg,fs_021_2.jpg
fs_118_1.jpg,fs_118_2.jpg
fs_099_1.jpg,fs_099_2.jpg
fs_194_1.jpg,fs_194_2.jpg
fs_171_1.jpg,fs_171_2.jpg
fs_158_1.jpg,fs_158_2.jpg
fs_207_1.jpg,fs_207_2.jpg
fs_181_1.jpg,fs_181_2.jpg
fs_145_1.jpg,fs_145_2.jpg
fs_091_1.jpg,fs_091_2.jpg
fs_221_1.jpg,fs_221_2.jpg
fs_025_1.jpg,fs_025_2.jpg
fs_055_1.jpg,fs_055_2.jpg
fs_175_1.jpg,fs_175_2.jpg
fs_229_1.jpg,fs_229_2.jpg
fs_213_1.jpg,fs_213_2.jpg
fs_228_1.jpg,fs_228_2.jpg
fs_199_1.jpg,fs_199_2.jpg
fs_085_1.jpg,fs_085_2.jpg
fs_198_1.jpg,fs_198_2.jpg
fs_015_1.jpg,fs_015_2.jpg
fs_050_1.jpg,fs_050_2.jpg
fs_164_1.jpg,fs_164_2.jpg
fs_196_1.jpg,fs_196_2.jpg
fs_230_1.jpg,fs_230_2.jpg
fs_051_1.jpg,fs_051_2.jpg
fs_027_1.jpg,fs_027_2.jpg
fs_248_1.jpg,fs_248_2.jpg
fs_030_1.jpg,fs_030_2.jpg
fs_094_1.jpg,fs_094_2.jpg
fs_039_1.jpg,fs_039_2.jpg
fs_026_1.jpg,fs_026_2.jpg
fs_146_1.jpg,fs_146_2.jpg
fs_111_1.jpg,fs_111_2.jpg
fs_142_1.jpg,fs_142_2.jpg
fs_131_1.jpg,fs_131_2.jpg
fs_106_1.jpg,fs_106_2.jpg
fs_002_1.jpg,fs_002_2.jpg
fs_191_1.jpg,fs_191_2.jpg
fs_188_1.jpg,fs_188_2.jpg
fs_215_1.jpg,fs_215_2.jpg
fs_192_1.jpg,fs_192_2.jpg
fs_088_1.jpg,fs_088_2.jpg
fs_186_1.jpg,fs_186_2.jpg
fs_212_1.jpg,fs_212_2.jpg
fs_138_1.jpg,fs_138_2.jpg
fs_087_1.jpg,fs_087_2.jpg
fs_029_1.jpg,fs_029_2.jpg
fs_185_1.jpg,fs_185_2.jpg
fs_097_1.jpg,fs_097_2.jpg
fs_068_1.jpg,fs_068_2.jpg
fs_241_1.jpg,fs_241_2.jpg
fs_095_1.jpg,fs_095_2.jpg
fs_053_1.jpg,fs_053_2.jpg
fs_049_1.jpg,fs_049_2.jpg
fs_122_1.jpg,fs_122_2.jpg
fs_072_1.jpg,fs_072_2.jpg
fs_154_1.jpg,fs_154_2.jpg
fs_203_1.jpg,fs_203_2.jpg
fs_133_1.jpg,fs_133_2.jpg
fs_104_1.jpg,fs_104_2.jpg
fs_202_1.jpg,fs_202_2.jpg
fs_069_1.jpg,fs_069_2.jpg
fs_067_1.jpg,fs_067_2.jpg
fs_227_1.jpg,fs_227_2.jpg
fs_022_1.jpg,fs_022_2.jpg
fs_174_1.jpg,fs_174_2.jpg
fs_204_1.jpg,fs_204_2.jpg
fs_167_1.jpg,fs_167_2.jpg
fs_075_1.jpg,fs_075_2.jpg
fs_149_1.jpg,fs_149_2.jpg
fs_057_1.jpg,fs_057_2.jpg
fs_044_1.jpg,fs_044_2.jpg
fs_112_1.jpg,fs_112_2.jpg
fs_156_1.jpg,fs_156_2.jpg
fs_205_1.jpg,fs_205_2.jpg
fs_247_1.jpg,fs_247_2.jpg
fs_016_1.jpg,fs_016_2.jpg
fs_019_1.jpg,fs_019_2.jpg
fs_136_1.jpg,fs_136_2.jpg
fs_238_1.jpg,fs_238_2.jpg
fs_121_1.jpg,fs_121_2.jpg
fs_036_1.jpg,fs_036_2.jpg
fs_231_1.jpg,fs_231_2.jpg
fs_102_1.jpg,fs_102_2.jpg
fs_048_1.jpg,fs_048_2.jpg
fs_223_1.jpg,fs_223_2.jpg
fs_105_1.jpg,fs_105_2.jpg
fs_129_1.jpg,fs_129_2.jpg
fs_201_1.jpg,fs_201_2.jpg
fs_139_1.jpg,fs_139_2.jpg
fs_173_1.jpg,fs_173_2.jpg
fs_010_1.jpg,fs_010_2.jpg
fs_078_1.jpg,fs_078_2.jpg
fs_033_1.jpg,fs_033_2.jpg
fs_237_1.jpg,fs_237_2.jpg
fs_182_1.jpg,fs_182_2.jpg
fs_151_1.jpg,fs_151_2.jpg
fs_172_1.jpg,fs_172_2.jpg
fs_007_1.jpg,fs_007_2.jpg
fs_236_1.jpg,fs_236_2.jpg
fs_209_1.jpg,fs_209_2.jpg
fs_235_1.jpg,fs_235_2.jpg
fs_115_1.jpg,fs_115_2.jpg
fs_035_1.jpg,fs_035_2.jpg
fs_098_1.jpg,fs_098_2.jpg
fs_179_1.jpg,fs_179_2.jpg
fs_004_1.jpg,fs_004_2.jpg
fs_233_1.jpg,fs_233_2.jpg
fs_061_1.jpg,fs_061_2.jpg
fs_130_1.jpg,fs_130_2.jpg
fs_046_1.jpg,fs_046_2.jpg
fs_103_1.jpg,fs_103_2.jpg
fs_083_1.jpg,fs_083_2.jpg
fs_038_1.jpg,fs_038_2.jpg
fs_109_1.jpg,fs_109_2.jpg
fs_070_1.jpg,fs_070_2.jpg
fs_054_1.jpg,fs_054_2.jpg
fs_077_1.jpg,fs_077_2.jpg
fs_246_1.jpg,fs_246_2.jpg
fs_180_1.jpg,fs_180_2.jpg
fs_116_1.jpg,fs_116_2.jpg
fs_074_1.jpg,fs_074_2.jpg
fs_150_1.jpg,fs_150_2.jpg
fs_107_1.jpg,fs_107_2.jpg
fs_101_1.jpg,fs_101_2.jpg
fs_165_1.jpg,fs_165_2.jpg
fs_206_1.jpg,fs_206_2.jpg
fs_060_1.jpg,fs_060_2.jpg
fs_119_1.jpg,fs_119_2.jpg
fs_028_1.jpg,fs_028_2.jpg
fs_003_1.jpg,fs_003_2.jpg
fs_147_1.jpg,fs_147_2.jpg
fs_161_1.jpg,fs_161_2.jpg
fs_160_1.jpg,fs_160_2.jpg
fs_011_1.jpg,fs_011_2.jpg
fs_080_1.jpg,fs_080_2.jpg
fs_249_1.jpg,fs_249_2.jpg
fs_144_1.jpg,fs_144_2.jpg
fs_148_1.jpg,fs_148_2.jpg
fs_168_1.jpg,fs_168_2.jpg
fs_110_1.jpg,fs_110_2.jpg
fs_195_1.jpg,fs_195_2.jpg
fs_132_1.jpg,fs_132_2.jpg
fs_064_1.jpg,fs_064_2.jpg
fs_216_1.jpg,fs_216_2.jpg
fs_244_1.jpg,fs_244_2.jpg
fs_066_1.jpg,fs_066_2.jpg
fs_096_1.jpg,fs_096_2.jpg
fs_218_1.jpg,fs_218_2.jpg
fs_040_1.jpg,fs_040_2.jpg
fs_176_1.jpg,fs_176_2.jpg
fs_114_1.jpg,fs_114_2.jpg
fs_043_1.jpg,fs_043_2.jpg
fs_052_1.jpg,fs_052_2.jpg
fs_157_1.jpg,fs_157_2.jpg
fs_141_1.jpg,fs_141_2.jpg
fs_226_1.jpg,fs_226_2.jpg
fs_170_1.jpg,fs_170_2.jpg
fs_243_1.jpg,fs_243_2.jpg
fs_079_1.jpg,fs_079_2.jpg
fs_056_1.jpg,fs_056_2.jpg
fs_177_1.jpg,fs_177_2.jpg
fs_076_1.jpg,fs_076_2.jpg
fs_047_1.jpg,fs_047_2.jpg
fs_183_1.jpg,fs_183_2.jpg
fs_169_1.jpg,fs_169_2.jpg
fs_135_1.jpg,fs_135_2.jpg
fs_071_1.jpg,fs_071_2.jpg
fs_178_1.jpg,fs_178_2.jpg
fs_250_1.jpg,fs_250_2.jpg
fs_225_1.jpg,fs_225_2.jpg
fs_090_1.jpg,fs_090_2.jpg
fs_014_1.jpg,fs_014_2.jpg
fs_137_1.jpg,fs_137_2.jpg
fs_032_1.jpg,fs_032_2.jpg
fs_108_1.jpg,fs_108_2.jpg
fs_006_1.jpg,fs_006_2.jpg
fs_125_1.jpg,fs_125_2.jpg
fs_113_1.jpg,fs_113_2.jpg
fs_128_1.jpg,fs_128_2.jpg
fs_012_1.jpg,fs_012_2.jpg
fs_117_1.jpg,fs_117_2.jpg
fs_081_1.jpg,fs_081_2.jpg
fs_189_1.jpg,fs_189_2.jpg
fs_023_1.jpg,fs_023_2.jpg
fs_234_1.jpg,fs_234_2.jpg
fs_065_1.jpg,fs_065_2.jpg
fs_222_1.jpg,fs_222_2.jpg
fs_009_1.jpg,fs_009_2.jpg
fs_063_1.jpg,fs_063_2.jpg
fs_045_1.jpg,fs_045_2.jpg
fs_041_1.jpg,fs_041_2.jpg
fs_073_1.jpg,fs_073_2.jpg
fs_143_1.jpg,fs_143_2.jpg
fs_197_1.jpg,fs_197_2.jpg
fs_037_1.jpg,fs_037_2.jpg
fs_059_1.jpg,fs_059_2.jpg
fs_232_1.jpg,fs_232_2.jpg
fs_058_1.jpg,fs_058_2.jpg
fs_187_1.jpg,fs_187_2.jpg
fs_210_1.jpg,fs_210_2.jpg
fs_219_1.jpg,fs_219_2.jpg
fs_214_1.jpg,fs_214_2.jpg
fs_123_1.jpg,fs_123_2.jpg
fs_089_1.jpg,fs_089_2.jpg
fs_084_1.jpg,fs_084_2.jpg
fs_224_1.jpg,fs_224_2.jpg
fs_005_1.jpg,fs_005_2.jpg
fs_184_1.jpg,fs_184_2.jpg
fs_020_1.jpg,fs_020_2.jpg
fs_093_1.jpg,fs_093_2.jpg
fs_062_1.jpg,fs_062_2.jpg
fs_239_1.jpg,fs_239_2.jpg
fs_190_1.jpg,fs_190_2.jpg
fs_018_1.jpg,fs_018_2.jpg
fs_013_1.jpg,fs_013_2.jpg
fs_034_1.jpg,fs_034_2.jpg
fs_140_1.jpg,fs_140_2.jpg
fs_211_1.jpg,fs_211_2.jpg
fs_017_1.jpg,fs_017_2.jpg
fs_001_1.jpg,fs_001_2.jpg
fs_082_1.jpg,fs_082_2.jpg
fs_134_1.jpg,fs_134_2.jpg
fs_217_1.jpg,fs_217_2.jpg
fs_126_1.jpg,fs_126_2.jpg
fs_086_1.jpg,fs_086_2.jpg
fs_245_1.jpg,fs_245_2.jpg
fs_100_1.jpg,fs_100_2.jpg
fs_127_1.jpg,fs_127_2.jpg
fs_200_1.jpg,fs_200_2.jpg
md_240_1.jpg,md_240_2.jpg
md_024_1.jpg,md_024_2.jpg
md_220_1.jpg,md_220_2.jpg
md_092_1.jpg,md_092_2.jpg
md_155_1.jpg,md_155_2.jpg
md_124_1.jpg,md_124_2.jpg
md_031_1.jpg,md_031_2.jpg
md_162_1.jpg,md_162_2.jpg
md_163_1.jpg,md_163_2.jpg
md_008_1.jpg,md_008_2.jpg
md_042_1.jpg,md_042_2.jpg
md_153_1.jpg,md_153_2.jpg
md_159_1.jpg,md_159_2.jpg
md_208_1.jpg,md_208_2.jpg
md_152_1.jpg,md_152_2.jpg
md_242_1.jpg,md_242_2.jpg
md_193_1.jpg,md_193_2.jpg
md_120_1.jpg,md_120_2.jpg
md_166_1.jpg,md_166_2.jpg
md_021_1.jpg,md_021_2.jpg
md_118_1.jpg,md_118_2.jpg
md_099_1.jpg,md_099_2.jpg
md_194_1.jpg,md_194_2.jpg
md_171_1.jpg,md_171_2.jpg
md_158_1.jpg,md_158_2.jpg
md_207_1.jpg,md_207_2.jpg
md_181_1.jpg,md_181_2.jpg
md_145_1.jpg,md_145_2.jpg
md_091_1.jpg,md_091_2.jpg
md_221_1.jpg,md_221_2.jpg
md_025_1.jpg,md_025_2.jpg
md_055_1.jpg,md_055_2.jpg
md_175_1.jpg,md_175_2.jpg
md_229_1.jpg,md_229_2.jpg
md_213_1.jpg,md_213_2.jpg
md_228_1.jpg,md_228_2.jpg
md_199_1.jpg,md_199_2.jpg
md_085_1.jpg,md_085_2.jpg
md_198_1.jpg,md_198_2.jpg
md_015_1.jpg,md_015_2.jpg
md_050_1.jpg,md_050_2.jpg
md_164_1.jpg,md_164_2.jpg
md_196_1.jpg,md_196_2.jpg
md_230_1.jpg,md_230_2.jpg
md_051_1.jpg,md_051_2.jpg
md_027_1.jpg,md_027_2.jpg
md_248_1.jpg,md_248_2.jpg
md_030_1.jpg,md_030_2.jpg
md_094_1.jpg,md_094_2.jpg
md_039_1.jpg,md_039_2.jpg
md_026_1.jpg,md_026_2.jpg
md_146_1.jpg,md_146_2.jpg
md_111_1.jpg,md_111_2.jpg
md_142_1.jpg,md_142_2.jpg
md_131_1.jpg,md_131_2.jpg
md_106_1.jpg,md_106_2.jpg
md_002_1.jpg,md_002_2.jpg
md_191_1.jpg,md_191_2.jpg
md_188_1.jpg,md_188_2.jpg
md_215_1.jpg,md_215_2.jpg
md_192_1.jpg,md_192_2.jpg
md_088_1.jpg,md_088_2.jpg
md_186_1.jpg,md_186_2.jpg
md_212_1.jpg,md_212_2.jpg
md_138_1.jpg,md_138_2.jpg
md_087_1.jpg,md_087_2.jpg
md_029_1.jpg,md_029_2.jpg
md_185_1.jpg,md_185_2.jpg
md_097_1.jpg,md_097_2.jpg
md_068_1.jpg,md_068_2.jpg
md_241_1.jpg,md_241_2.jpg
md_095_1.jpg,md_095_2.jpg
md_053_1.jpg,md_053_2.jpg
md_049_1.jpg,md_049_2.jpg
md_122_1.jpg,md_122_2.jpg
md_072_1.jpg,md_072_2.jpg
md_154_1.jpg,md_154_2.jpg
md_203_1.jpg,md_203_2.jpg
md_133_1.jpg,md_133_2.jpg
md_104_1.jpg,md_104_2.jpg
md_202_1.jpg,md_202_2.jpg
md_069_1.jpg,md_069_2.jpg
md_067_1.jpg,md_067_2.jpg
md_227_1.jpg,md_227_2.jpg
md_022_1.jpg,md_022_2.jpg
md_174_1.jpg,md_174_2.jpg
md_204_1.jpg,md_204_2.jpg
md_167_1.jpg,md_167_2.jpg
md_075_1.jpg,md_075_2.jpg
md_149_1.jpg,md_149_2.jpg
md_057_1.jpg,md_057_2.jpg
md_044_1.jpg,md_044_2.jpg
md_112_1.jpg,md_112_2.jpg
md_156_1.jpg,md_156_2.jpg
md_205_1.jpg,md_205_2.jpg
md_247_1.jpg,md_247_2.jpg
md_016_1.jpg,md_016_2.jpg
md_019_1.jpg,md_019_2.jpg
md_136_1.jpg,md_136_2.jpg
md_238_1.jpg,md_238_2.jpg
md_121_1.jpg,md_121_2.jpg
md_036_1.jpg,md_036_2.jpg
md_231_1.jpg,md_231_2.jpg
md_102_1.jpg,md_102_2.jpg
md_048_1.jpg,md_048_2.jpg
md_223_1.jpg,md_223_2.jpg
md_105_1.jpg,md_105_2.jpg
md_129_1.jpg,md_129_2.jpg
md_201_1.jpg,md_201_2.jpg
md_139_1.jpg,md_139_2.jpg
md_173_1.jpg,md_173_2.jpg
md_010_1.jpg,md_010_2.jpg
md_078_1.jpg,md_078_2.jpg
md_033_1.jpg,md_033_2.jpg
md_237_1.jpg,md_237_2.jpg
md_182_1.jpg,md_182_2.jpg
md_151_1.jpg,md_151_2.jpg
md_172_1.jpg,md_172_2.jpg
md_007_1.jpg,md_007_2.jpg
md_236_1.jpg,md_236_2.jpg
md_209_1.jpg,md_209_2.jpg
md_235_1.jpg,md_235_2.jpg
md_115_1.jpg,md_115_2.jpg
md_035_1.jpg,md_035_2.jpg
md_098_1.jpg,md_098_2.jpg
md_179_1.jpg,md_179_2.jpg
md_004_1.jpg,md_004_2.jpg
md_233_1.jpg,md_233_2.jpg
md_061_1.jpg,md_061_2.jpg
md_130_1.jpg,md_130_2.jpg
md_046_1.jpg,md_046_2.jpg
md_103_1.jpg,md_103_2.jpg
md_083_1.jpg,md_083_2.jpg
md_038_1.jpg,md_038_2.jpg
md_109_1.jpg,md_109_2.jpg
md_070_1.jpg,md_070_2.jpg
md_054_1.jpg,md_054_2.jpg
md_077_1.jpg,md_077_2.jpg
md_246_1.jpg,md_246_2.jpg
md_180_1.jpg,md_180_2.jpg
md_116_1.jpg,md_116_2.jpg
md_074_1.jpg,md_074_2.jpg
md_150_1.jpg,md_150_2.jpg
md_107_1.jpg,md_107_2.jpg
md_101_1.jpg,md_101_2.jpg
md_165_1.jpg,md_165_2.jpg
md_206_1.jpg,md_206_2.jpg
md_060_1.jpg,md_060_2.jpg
md_119_1.jpg,md_119_2.jpg
md_028_1.jpg,md_028_2.jpg
md_003_1.jpg,md_003_2.jpg
md_147_1.jpg,md_147_2.jpg
md_161_1.jpg,md_161_2.jpg
md_160_1.jpg,md_160_2.jpg
md_011_1.jpg,md_011_2.jpg
md_080_1.jpg,md_080_2.jpg
md_249_1.jpg,md_249_2.jpg
md_144_1.jpg,md_144_2.jpg
md_148_1.jpg,md_148_2.jpg
md_168_1.jpg,md_168_2.jpg
md_110_1.jpg,md_110_2.jpg
md_195_1.jpg,md_195_2.jpg
md_132_1.jpg,md_132_2.jpg
md_064_1.jpg,md_064_2.jpg
md_216_1.jpg,md_216_2.jpg
md_244_1.jpg,md_244_2.jpg
md_066_1.jpg,md_066_2.jpg
md_096_1.jpg,md_096_2.jpg
md_218_1.jpg,md_218_2.jpg
md_040_1.jpg,md_040_2.jpg
md_176_1.jpg,md_176_2.jpg
md_114_1.jpg,md_114_2.jpg
md_043_1.jpg,md_043_2.jpg
md_052_1.jpg,md_052_2.jpg
md_157_1.jpg,md_157_2.jpg
md_141_1.jpg,md_141_2.jpg
md_226_1.jpg,md_226_2.jpg
md_170_1.jpg,md_170_2.jpg
md_243_1.jpg,md_243_2.jpg
md_079_1.jpg,md_079_2.jpg
md_056_1.jpg,md_056_2.jpg
md_177_1.jpg,md_177_2.jpg
md_076_1.jpg,md_076_2.jpg
md_047_1.jpg,md_047_2.jpg
md_183_1.jpg,md_183_2.jpg
md_169_1.jpg,md_169_2.jpg
md_135_1.jpg,md_135_2.jpg
md_071_1.jpg,md_071_2.jpg
md_178_1.jpg,md_178_2.jpg
md_250_1.jpg,md_250_2.jpg
md_225_1.jpg,md_225_2.jpg
md_090_1.jpg,md_090_2.jpg
md_014_1.jpg,md_014_2.jpg
md_137_1.jpg,md_137_2.jpg
md_032_1.jpg,md_032_2.jpg
md_108_1.jpg,md_108_2.jpg
md_006_1.jpg,md_006_2.jpg
md_125_1.jpg,md_125_2.jpg
md_113_1.jpg,md_113_2.jpg
md_128_1.jpg,md_128_2.jpg
md_012_1.jpg,md_012_2.jpg
md_117_1.jpg,md_117_2.jpg
md_081_1.jpg,md_081_2.jpg
md_189_1.jpg,md_189_2.jpg
md_023_1.jpg,md_023_2.jpg
md_234_1.jpg,md_234_2.jpg
md_065_1.jpg,md_065_2.jpg
md_222_1.jpg,md_222_2.jpg
md_009_1.jpg,md_009_2.jpg
md_063_1.jpg,md_063_2.jpg
md_045_1.jpg,md_045_2.jpg
md_041_1.jpg,md_041_2.jpg
md_073_1.jpg,md_073_2.jpg
md_143_1.jpg,md_143_2.jpg
md_197_1.jpg,md_197_2.jpg
md_037_1.jpg,md_037_2.jpg
md_059_1.jpg,md_059_2.jpg
md_232_1.jpg,md_232_2.jpg
md_058_1.jpg,md_058_2.jpg
md_187_1.jpg,md_187_2.jpg
md_210_1.jpg,md_210_2.jpg
md_219_1.jpg,md_219_2.jpg
md_214_1.jpg,md_214_2.jpg
md_123_1.jpg,md_123_2.jpg
md_089_1.jpg,md_089_2.jpg
md_084_1.jpg,md_084_2.jpg
md_224_1.jpg,md_224_2.jpg
md_005_1.jpg,md_005_2.jpg
md_184_1.jpg,md_184_2.jpg
md_020_1.jpg,md_020_2.jpg
md_093_1.jpg,md_093_2.jpg
md_062_1.jpg,md_062_2.jpg
md_239_1.jpg,md_239_2.jpg
md_190_1.jpg,md_190_2.jpg
md_018_1.jpg,md_018_2.jpg
md_013_1.jpg,md_013_2.jpg
md_034_1.jpg,md_034_2.jpg
md_140_1.jpg,md_140_2.jpg
md_211_1.jpg,md_211_2.jpg
md_017_1.jpg,md_017_2.jpg
md_001_1.jpg,md_001_2.jpg
md_082_1.jpg,md_082_2.jpg
md_134_1.jpg,md_134_2.jpg
md_217_1.jpg,md_217_2.jpg
md_126_1.jpg,md_126_2.jpg
md_086_1.jpg,md_086_2.jpg
md_245_1.jpg,md_245_2.jpg
md_100_1.jpg,md_100_2.jpg
md_127_1.jpg,md_127_2.jpg
md_200_1.jpg,md_200_2.jpg
ms_240_1.jpg,ms_240_2.jpg
ms_024_1.jpg,ms_024_2.jpg
ms_220_1.jpg,ms_220_2.jpg
ms_092_1.jpg,ms_092_2.jpg
ms_155_1.jpg,ms_155_2.jpg
ms_124_1.jpg,ms_124_2.jpg
ms_031_1.jpg,ms_031_2.jpg
ms_162_1.jpg,ms_162_2.jpg
ms_163_1.jpg,ms_163_2.jpg
ms_008_1.jpg,ms_008_2.jpg
ms_042_1.jpg,ms_042_2.jpg
ms_153_1.jpg,ms_153_2.jpg
ms_159_1.jpg,ms_159_2.jpg
ms_208_1.jpg,ms_208_2.jpg
ms_152_1.jpg,ms_152_2.jpg
ms_242_1.jpg,ms_242_2.jpg
ms_193_1.jpg,ms_193_2.jpg
ms_120_1.jpg,ms_120_2.jpg
ms_166_1.jpg,ms_166_2.jpg
ms_021_1.jpg,ms_021_2.jpg
ms_118_1.jpg,ms_118_2.jpg
ms_099_1.jpg,ms_099_2.jpg
ms_194_1.jpg,ms_194_2.jpg
ms_171_1.jpg,ms_171_2.jpg
ms_158_1.jpg,ms_158_2.jpg
ms_207_1.jpg,ms_207_2.jpg
ms_181_1.jpg,ms_181_2.jpg
ms_145_1.jpg,ms_145_2.jpg
ms_091_1.jpg,ms_091_2.jpg
ms_221_1.jpg,ms_221_2.jpg
ms_025_1.jpg,ms_025_2.jpg
ms_055_1.jpg,ms_055_2.jpg
ms_175_1.jpg,ms_175_2.jpg
ms_229_1.jpg,ms_229_2.jpg
ms_213_1.jpg,ms_213_2.jpg
ms_228_1.jpg,ms_228_2.jpg
ms_199_1.jpg,ms_199_2.jpg
ms_085_1.jpg,ms_085_2.jpg
ms_198_1.jpg,ms_198_2.jpg
ms_015_1.jpg,ms_015_2.jpg
ms_050_1.jpg,ms_050_2.jpg
ms_164_1.jpg,ms_164_2.jpg
ms_196_1.jpg,ms_196_2.jpg
ms_230_1.jpg,ms_230_2.jpg
ms_051_1.jpg,ms_051_2.jpg
ms_027_1.jpg,ms_027_2.jpg
ms_248_1.jpg,ms_248_2.jpg
ms_030_1.jpg,ms_030_2.jpg
ms_094_1.jpg,ms_094_2.jpg
ms_039_1.jpg,ms_039_2.jpg
ms_026_1.jpg,ms_026_2.jpg
ms_146_1.jpg,ms_146_2.jpg
ms_111_1.jpg,ms_111_2.jpg
ms_142_1.jpg,ms_142_2.jpg
ms_131_1.jpg,ms_131_2.jpg
ms_106_1.jpg,ms_106_2.jpg
ms_002_1.jpg,ms_002_2.jpg
ms_191_1.jpg,ms_191_2.jpg
ms_188_1.jpg,ms_188_2.jpg
ms_215_1.jpg,ms_215_2.jpg
ms_192_1.jpg,ms_192_2.jpg
ms_088_1.jpg,ms_088_2.jpg
ms_186_1.jpg,ms_186_2.jpg
ms_212_1.jpg,ms_212_2.jpg
ms_138_1.jpg,ms_138_2.jpg
ms_087_1.jpg,ms_087_2.jpg
ms_029_1.jpg,ms_029_2.jpg
ms_185_1.jpg,ms_185_2.jpg
ms_097_1.jpg,ms_097_2.jpg
ms_068_1.jpg,ms_068_2.jpg
ms_241_1.jpg,ms_241_2.jpg
ms_095_1.jpg,ms_095_2.jpg
ms_053_1.jpg,ms_053_2.jpg
ms_049_1.jpg,ms_049_2.jpg
ms_122_1.jpg,ms_122_2.jpg
ms_072_1.jpg,ms_072_2.jpg
ms_154_1.jpg,ms_154_2.jpg
ms_203_1.jpg,ms_203_2.jpg
ms_133_1.jpg,ms_133_2.jpg
ms_104_1.jpg,ms_104_2.jpg
ms_202_1.jpg,ms_202_2.jpg
ms_069_1.jpg,ms_069_2.jpg
ms_067_1.jpg,ms_067_2.jpg
ms_227_1.jpg,ms_227_2.jpg
ms_022_1.jpg,ms_022_2.jpg
ms_174_1.jpg,ms_174_2.jpg
ms_204_1.jpg,ms_204_2.jpg
ms_167_1.jpg,ms_167_2.jpg
ms_075_1.jpg,ms_075_2.jpg
ms_149_1.jpg,ms_149_2.jpg
ms_057_1.jpg,ms_057_2.jpg
ms_044_1.jpg,ms_044_2.jpg
ms_112_1.jpg,ms_112_2.jpg
ms_156_1.jpg,ms_156_2.jpg
ms_205_1.jpg,ms_205_2.jpg
ms_247_1.jpg,ms_247_2.jpg
ms_016_1.jpg,ms_016_2.jpg
ms_019_1.jpg,ms_019_2.jpg
ms_136_1.jpg,ms_136_2.jpg
ms_238_1.jpg,ms_238_2.jpg
ms_121_1.jpg,ms_121_2.jpg
ms_036_1.jpg,ms_036_2.jpg
ms_231_1.jpg,ms_231_2.jpg
ms_102_1.jpg,ms_102_2.jpg
ms_048_1.jpg,ms_048_2.jpg
ms_223_1.jpg,ms_223_2.jpg
ms_105_1.jpg,ms_105_2.jpg
ms_129_1.jpg,ms_129_2.jpg
ms_201_1.jpg,ms_201_2.jpg
ms_139_1.jpg,ms_139_2.jpg
ms_173_1.jpg,ms_173_2.jpg
ms_010_1.jpg,ms_010_2.jpg
ms_078_1.jpg,ms_078_2.jpg
ms_033_1.jpg,ms_033_2.jpg
ms_237_1.jpg,ms_237_2.jpg
ms_182_1.jpg,ms_182_2.jpg
ms_151_1.jpg,ms_151_2.jpg
ms_172_1.jpg,ms_172_2.jpg
ms_007_1.jpg,ms_007_2.jpg
ms_236_1.jpg,ms_236_2.jpg
ms_209_1.jpg,ms_209_2.jpg
ms_235_1.jpg,ms_235_2.jpg
ms_115_1.jpg,ms_115_2.jpg
ms_035_1.jpg,ms_035_2.jpg
ms_098_1.jpg,ms_098_2.jpg
ms_179_1.jpg,ms_179_2.jpg
ms_004_1.jpg,ms_004_2.jpg
ms_233_1.jpg,ms_233_2.jpg
ms_061_1.jpg,ms_061_2.jpg
ms_130_1.jpg,ms_130_2.jpg
ms_046_1.jpg,ms_046_2.jpg
ms_103_1.jpg,ms_103_2.jpg
ms_083_1.jpg,ms_083_2.jpg
ms_038_1.jpg,ms_038_2.jpg
ms_109_1.jpg,ms_109_2.jpg
ms_070_1.jpg,ms_070_2.jpg
ms_054_1.jpg,ms_054_2.jpg
ms_077_1.jpg,ms_077_2.jpg
ms_246_1.jpg,ms_246_2.jpg
ms_180_1.jpg,ms_180_2.jpg
ms_116_1.jpg,ms_116_2.jpg
ms_074_1.jpg,ms_074_2.jpg
ms_150_1.jpg,ms_150_2.jpg
ms_107_1.jpg,ms_107_2.jpg
ms_101_1.jpg,ms_101_2.jpg
ms_165_1.jpg,ms_165_2.jpg
ms_206_1.jpg,ms_206_2.jpg
ms_060_1.jpg,ms_060_2.jpg
ms_119_1.jpg,ms_119_2.jpg
ms_028_1.jpg,ms_028_2.jpg
ms_003_1.jpg,ms_003_2.jpg
ms_147_1.jpg,ms_147_2.jpg
ms_161_1.jpg,ms_161_2.jpg
ms_160_1.jpg,ms_160_2.jpg
ms_011_1.jpg,ms_011_2.jpg
ms_080_1.jpg,ms_080_2.jpg
ms_249_1.jpg,ms_249_2.jpg
ms_144_1.jpg,ms_144_2.jpg
ms_148_1.jpg,ms_148_2.jpg
ms_168_1.jpg,ms_168_2.jpg
ms_110_1.jpg,ms_110_2.jpg
ms_195_1.jpg,ms_195_2.jpg
ms_132_1.jpg,ms_132_2.jpg
ms_064_1.jpg,ms_064_2.jpg
ms_216_1.jpg,ms_216_2.jpg
ms_244_1.jpg,ms_244_2.jpg
ms_066_1.jpg,ms_066_2.jpg
ms_096_1.jpg,ms_096_2.jpg
ms_218_1.jpg,ms_218_2.jpg
ms_040_1.jpg,ms_040_2.jpg
ms_176_1.jpg,ms_176_2.jpg
ms_114_1.jpg,ms_114_2.jpg
ms_043_1.jpg,ms_043_2.jpg
ms_052_1.jpg,ms_052_2.jpg
ms_157_1.jpg,ms_157_2.jpg
ms_141_1.jpg,ms_141_2.jpg
ms_226_1.jpg,ms_226_2.jpg
ms_170_1.jpg,ms_170_2.jpg
ms_243_1.jpg,ms_243_2.jpg
ms_079_1.jpg,ms_079_2.jpg
ms_056_1.jpg,ms_056_2.jpg
ms_177_1.jpg,ms_177_2.jpg
ms_076_1.jpg,ms_076_2.jpg
ms_047_1.jpg,ms_047_2.jpg
ms_183_1.jpg,ms_183_2.jpg
ms_169_1.jpg,ms_169_2.jpg
ms_135_1.jpg,ms_135_2.jpg
ms_071_1.jpg,ms_071_2.jpg
ms_178_1.jpg,ms_178_2.jpg
ms_250_1.jpg,ms_250_2.jpg
ms_225_1.jpg,ms_225_2.jpg
ms_090_1.jpg,ms_090_2.jpg
ms_014_1.jpg,ms_014_2.jpg
ms_137_1.jpg,ms_137_2.jpg
ms_032_1.jpg,ms_032_2.jpg
ms_108_1.jpg,ms_108_2.jpg
ms_006_1.jpg,ms_006_2.jpg
ms_125_1.jpg,ms_125_2.jpg
ms_113_1.jpg,ms_113_2.jpg
ms_128_1.jpg,ms_128_2.jpg
ms_012_1.jpg,ms_012_2.jpg
ms_117_1.jpg,ms_117_2.jpg
ms_081_1.jpg,ms_081_2.jpg
ms_189_1.jpg,ms_189_2.jpg
ms_023_1.jpg,ms_023_2.jpg
ms_234_1.jpg,ms_234_2.jpg
ms_065_1.jpg,ms_065_2.jpg
ms_222_1.jpg,ms_222_2.jpg
ms_009_1.jpg,ms_009_2.jpg
ms_063_1.jpg,ms_063_2.jpg
ms_045_1.jpg,ms_045_2.jpg
ms_041_1.jpg,ms_041_2.jpg
ms_073_1.jpg,ms_073_2.jpg
ms_143_1.jpg,ms_143_2.jpg
ms_197_1.jpg,ms_197_2.jpg
ms_037_1.jpg,ms_037_2.jpg
ms_059_1.jpg,ms_059_2.jpg
ms_232_1.jpg,ms_232_2.jpg
ms_058_1.jpg,ms_058_2.jpg
ms_187_1.jpg,ms_187_2.jpg
ms_210_1.jpg,ms_210_2.jpg
ms_219_1.jpg,ms_219_2.jpg
ms_214_1.jpg,ms_214_2.jpg
ms_123_1.jpg,ms_123_2.jpg
ms_089_1.jpg,ms_089_2.jpg
ms_084_1.jpg,ms_084_2.jpg
ms_224_1.jpg,ms_224_2.jpg
ms_005_1.jpg,ms_005_2.jpg
ms_184_1.jpg,ms_184_2.jpg
ms_020_1.jpg,ms_020_2.jpg
ms_093_1.jpg,ms_093_2.jpg
ms_062_1.jpg,ms_062_2.jpg
ms_239_1.jpg,ms_239_2.jpg
ms_190_1.jpg,ms_190_2.jpg
ms_018_1.jpg,ms_018_2.jpg
ms_013_1.jpg,ms_013_2.jpg
ms_034_1.jpg,ms_034_2.jpg
ms_140_1.jpg,ms_140_2.jpg
ms_211_1.jpg,ms_211_2.jpg
ms_017_1.jpg,ms_017_2.jpg
ms_001_1.jpg,ms_001_2.jpg
ms_082_1.jpg,ms_082_2.jpg
ms_134_1.jpg,ms_134_2.jpg
ms_217_1.jpg,ms_217_2.jpg
ms_126_1.jpg,ms_126_2.jpg
ms_086_1.jpg,ms_086_2.jpg
ms_245_1.jpg,ms_245_2.jpg
ms_100_1.jpg,ms_100_2.jpg
ms_127_1.jpg,ms_127_2.jpg
ms_200_1.jpg,ms_200_2.jpg
